<?xml version='1.0' encoding='utf-8'?>
<!DOCTYPE hibernate-configuration PUBLIC
        "-//Hibernate/Hibernate Configuration DTD//EN"
        "http://www.hibernate.org/dtd/hibernate-configuration-3.0.dtd">
<hibernate-configuration>
    <session-factory>
        <property name="connection.url">jdbc:sqlite:notes.db</property>
        <property name="connection.driver_class">org.sqlite.JDBC</property>
        <property name="connection.username"/>
        <property name="connection.password"/>
        <property name="connection.user"/>

        <property name="hibernate.dialect">org.hibernate.dialect.SQLiteDialect</property>

<!--        <property name="hibernate.hbm2ddl.auto">create</property>-->
    </session-factory>
</hibernate-configuration>