{
	"sites": [
		{"url": "https://5ch.net/"},
		{"url": "https://www.google.com/"},
		{"url": "https://github.com/php/php-src"},
		{"url": "https://www.amazon.com/"},
		{"url": "https://www.netflix.com/"},
		{"url": "https://www.reddit.com/"},
		{"url": "https://www.imdb.com/"},
		{"url": "https://www.pinterest.com/"},
		{"url": "https://www.instagram.com/"},
		{"url": "https://www.spotify.com/"},
		{"url": "https://ain.ua/"},
		{"url": "https://vc.ru/"},
		{"url": "https://dev.by/"},
		{"url": "https://my-master.net.ua/"},
		{"url": "https://itc.ua/"},
		{"url": "https://ru.semrush.com/"},
		{"url": "https://web24.com.ua/"},
		{"url": "https://www.plerdy.com/ru/"},
		{"url": "https://ru.wikipedia.org/wiki/%D0%A1%D0%B0%D0%B9%D1%82"},
		{"url": "https://tilda.cc/ru/madeontilda/"},
		{"url": "https://www.bitrix.ua/products/cms/projects/"},
		{"url": "https://art-lemon.com/portfolio"},
		{"url": "https://habr.com/ru/company/itsumma/news/t/530034/"},
		{"url": "https://elementy.ru/catalog"},
		{"url": "https://psm7.com/"},
		{"url": "https://www.php.net/manual/ru/index.php"},
		{"url": "https://ru.wikipedia.org/wiki/PHP"},
		{"url": "https://htmlacademy.ru/tutorial/php"},
		{"url": "https://metanit.com/php/tutorial/"},
		{"url": "http://www.php.su/"},
		{"url": "https://www.w3schools.com/php/"}
	]
}